thread,queries,percentage
0,10170,12.3533
1,11128,13.517
2,13068,15.8735
3,6969,8.46513
4,6671,8.10315
5,14569,17.6967
6,6761,8.21247
7,12990,15.7787
