thread,queries,percentage
0,8767,10.6621
1,6894,8.38421
2,10880,13.2318
3,15086,18.347
4,6197,7.53655
5,8849,10.7618
6,11439,13.9117
7,14114,17.1649
